Unnamed: 0,Name,Opening,Closing,Volume,Date,Opening_Price,Closing_Price,Volume_Traded
5.0,Afdis Distillers Limited,390.95,390.95,0.0,07-16-2022,,,
7.0,African Sun Limited,13.0,13.0,3600.0,07-16-2022,,,
9.0,Amalgamated Regional Trading (Art) Holdings Limited,18.0,18.0,0.0,07-16-2022,,,
12.0,Ariston Holdings Limited,2.3925,2.3998,4900.0,07-16-2022,,,
14.0,Axia Corporation Limited,80.0,71.3791,85200.0,07-16-2022,,,
16.0,Bridgefort Capital Limited,19.9988,19.9988,0.0,07-16-2022,,,
18.0,Bridgefort Capital Limited Class B,26.0,26.0,0.0,07-16-2022,,,
20.0,British American Tobacco Zimbabwe Limited,2380.0,2380.0,0.0,07-16-2022,,,
23.0,Cafca Limited,260.0,260.0,0.0,07-16-2022,,,
25.0,Cbz Holdings Limited,135.0,132.0,800.0,07-16-2022,,,
27.0,Cfi Holdings Limited,370.0,370.0,0.0,07-16-2022,,,
29.0,Dairibord Holdings Limited,25.05,25.05,0.0,07-16-2022,,,
31.0,Delta Corporation Limited,281.5926,279.7922,99000.0,07-16-2022,,,
33.0,Ecocash Holdings Zimbabwe Limited,50.965,52.2401,1145500.0,07-16-2022,,,
35.0,Econet Wireless Zimbabwe Limited,119.0423,121.9995,1469000.0,07-16-2022,,,
37.0,Edgars Stores Limited,5.9273,6.0,100.0,07-16-2022,,,
39.0,Fbc Holdings Limited,65.0,65.0,0.0,07-16-2022,,,
41.0,Fidelity Life Assurance Limited,22.0,22.0,0.0,07-16-2022,,,
43.0,First Capital Bank Limited,9.8111,9.9868,13600.0,07-16-2022,,,
45.0,First Mutual Holdings Limited,17.5455,17.125,800.0,07-16-2022,,,
47.0,First Mutual Properties Limited,7.4694,8.5068,117200.0,07-16-2022,,,
49.0,General Beltings Holdings Limited,1.4,1.5679,8100.0,07-16-2022,,,
51.0,Getbucks Microfinance Bank Limited,16.0,16.0,0.0,07-16-2022,,,
53.0,Hippo Valley Estates Limited,248.0,248.0,400.0,07-16-2022,,,
55.0,Innscor Africa Limited,324.0461,321.9983,428400.0,07-16-2022,,,
57.0,Lafarge Cement Zimbabwe Limited,143.5,143.5,0.0,07-16-2022,,,
59.0,Mashonaland Holdings Limited,5.0,5.0,52100.0,07-16-2022,,,
61.0,Masimba Holdings Limited,51.0,51.0,5000.0,07-16-2022,,,
63.0,Meikles Limited,105.0,105.0,0.0,07-16-2022,,,
65.0,Nampak Zimbabwe Limited,10.5,11.0,1200.0,07-16-2022,,,
67.0,National Foods Holdings Limited,1611.0,1611.0,0.0,07-16-2022,,,
69.0,National Tyre Services Limited,10.25,10.25,0.0,07-16-2022,,,
71.0,Nmbz Holdings Limited,25.45,25.45,0.0,07-16-2022,,,
73.0,Ok Zimbabwe Limited,29.0295,29.058,159200.0,07-16-2022,,,
74.0,Proplastics Limited,26.0,23.1214,8400.0,07-16-2022,,,
76.0,Rainbow Tourism Group Limited,8.525,8.525,0.0,07-16-2022,,,
78.0,Riozim Limited,110.0,110.0,0.0,07-16-2022,,,
80.0,Seed Co Limited,100.3609,100.3571,12000.0,07-16-2022,,,
82.0,Simbisa Brands Limited,178.3404,187.8759,94300.0,07-16-2022,,,
84.0,Starafricacorporation Limited,1.7706,1.7881,545700.0,07-16-2022,,,
86.0,Tanganda Tea Company Limited,142.0,141.4048,8400.0,07-16-2022,,,
88.0,Truworths Limited,2.29,2.285,600.0,07-16-2022,,,
90.0,Tsl Limited,99.9821,100.0,200.0,07-16-2022,,,
92.0,Turnall Holdings Limited,4.0,4.0,0.0,07-16-2022,,,
94.0,Unifreight Africa Limited,29.0,29.0,0.0,07-16-2022,,,
96.0,Willdale Limited,1.7503,1.5583,12600.0,07-16-2022,,,
98.0,Zb Financial Holdings Limited,132.0,132.0,0.0,07-16-2022,,,
100.0,Zeco Holdings Limited,0.0288,0.0288,0.0,07-16-2022,,,
102.0,Zimbabwe Newspapers (1980) Limited,5.38,5.39,100.0,07-16-2022,,,
104.0,Zimplow Holdings Limited,20.1004,20.1004,0.0,07-16-2022,,,
106.0,Zimre Holdings Limited,3.9279,3.9483,1425400.0,07-16-2022,,,
,Afdis Distillers Limited,,,,08-10-2022,330.0,330.0,0.0
,African Sun Limited,,,,08-10-2022,17.0233,16.5,500.0
,Amalgamated Regional Trading (Art) Holdings Limited,,,,08-10-2022,17.0,17.0,0.0
,Ariston Holdings Limited,,,,08-10-2022,2.5,2.5,4000.0
,Axia Corporation Limited,,,,08-10-2022,76.0,74.0625,14400.0
,Bridgefort Capital Limited,,,,08-10-2022,19.0,19.0,0.0
,Bridgefort Capital Limited Class B,,,,08-10-2022,26.0,26.0,0.0
,British American Tobacco Zimbabwe Limited,,,,08-10-2022,2450.0,2450.0,0.0
,Cafca Limited,,,,08-10-2022,235.5,235.5,0.0
,Cbz Holdings Limited,,,,08-10-2022,132.0162,130.0,200.0
,Cfi Holdings Limited,,,,08-10-2022,370.0,370.0,0.0
,Dairibord Holdings Limited,,,,08-10-2022,30.0,28.0,1000.0
,Delta Corporation Limited,,,,08-10-2022,220.9952,219.7121,625700.0
,Ecocash Holdings Zimbabwe Limited,,,,08-10-2022,49.0,48.2391,2300.0
,Econet Wireless Zimbabwe Limited,,,,08-10-2022,159.7215,159.069,2900.0
,Edgars Stores Limited,,,,08-10-2022,6.0003,6.1,100.0
,Fbc Holdings Limited,,,,08-10-2022,60.625,60.625,0.0
,Fidelity Life Assurance Limited,,,,08-10-2022,22.0,22.0,2200.0
,First Capital Bank Limited,,,,08-10-2022,8.6143,8.5304,11200.0
,First Mutual Holdings Limited,,,,08-10-2022,18.0,18.0,0.0
,First Mutual Properties Limited,,,,08-10-2022,9.0,9.0,300.0
,General Beltings Holdings Limited,,,,08-10-2022,1.591,1.5731,5200.0
,Getbucks Microfinance Bank Limited,,,,08-10-2022,17.0,17.0,200.0
,Hippo Valley Estates Limited,,,,08-10-2022,246.95,246.95,0.0
,Innscor Africa Limited,,,,08-10-2022,289.9113,290.3544,74300.0
,Lafarge Cement Zimbabwe Limited,,,,08-10-2022,120.0,120.0,0.0
,Mashonaland Holdings Limited,,,,08-10-2022,4.9959,4.3349,82000.0
,Masimba Holdings Limited,,,,08-10-2022,50.0,50.0,0.0
,Meikles Limited,,,,08-10-2022,109.0,109.0,400.0
,Nampak Zimbabwe Limited,,,,08-10-2022,12.0,12.0,0.0
,National Foods Holdings Limited,,,,08-10-2022,1750.0,1750.0,0.0
,National Tyre Services Limited,,,,08-10-2022,11.75,11.75,0.0
,Nmbz Holdings Limited,,,,08-10-2022,20.0,17.0,1300.0
,Ok Zimbabwe Limited,,,,08-10-2022,30.0,30.169,3406000.0
,Proplastics Limited,,,,08-10-2022,25.0,25.0,3500.0
,Rainbow Tourism Group Limited,,,,08-10-2022,9.0,9.0,200.0
,Riozim Limited,,,,08-10-2022,93.5238,93.5238,0.0
,Seed Co Limited,,,,08-10-2022,90.0,90.0385,7400.0
,Simbisa Brands Limited,,,,08-10-2022,190.1396,186.1251,17500.0
,Starafricacorporation Limited,,,,08-10-2022,1.5876,1.5625,2000.0
,Tanganda Tea Company Limited,,,,08-10-2022,138.5,138.5,0.0
,Truworths Limited,,,,08-10-2022,2.0394,1.8507,261300.0
,Tsl Limited,,,,08-10-2022,85.0,85.0,0.0
,Turnall Holdings Limited,,,,08-10-2022,4.57,4.57,0.0
,Unifreight Africa Limited,,,,08-10-2022,50.0,50.0,0.0
,Willdale Limited,,,,08-10-2022,2.61,2.6271,7900.0
,Zb Financial Holdings Limited,,,,08-10-2022,122.0,122.0,0.0
,Zeco Holdings Limited,,,,08-10-2022,0.0288,0.0288,0.0
,Zimbabwe Newspapers (1980) Limited,,,,08-10-2022,5.0,5.0,100.0
,Zimplow Holdings Limited,,,,08-10-2022,19.0,19.0,400.0
,Zimre Holdings Limited,,,,08-10-2022,3.6186,3.713,2300.0
,EQUITIES,,,,08-17-2022,,,
,Afdis Distillers Limited,,,,08-17-2022,324.9,324.9,0.0
,African Sun Limited,,,,08-17-2022,17.2353,16.2857,1400.0
,Amalgamated Regional Trading (Art) Holdings Limited,,,,08-17-2022,17.0,17.0,100.0
,Ariston Holdings Limited,,,,08-17-2022,2.5,2.6,7000.0
,Axia Corporation Limited,,,,08-17-2022,67.9939,68.0023,87000.0
,Bridgefort Capital Limited,,,,08-17-2022,19.0,19.0,0.0
,Bridgefort Capital Limited Class B,,,,08-17-2022,26.0,26.0,0.0
,British American Tobacco Zimbabwe Limited,,,,08-17-2022,2449.0,2449.0,0.0
,Cafca Limited,,,,08-17-2022,235.5,235.5,0.0
,Cbz Holdings Limited,,,,08-17-2022,125.0562,124.9943,6100.0
,Cfi Holdings Limited,,,,08-17-2022,370.0,370.0,0.0
,Dairibord Holdings Limited,,,,08-17-2022,28.0,28.0,500.0
,Delta Corporation Limited,,,,08-17-2022,218.6132,220.0869,670300.0
,Ecocash Holdings Zimbabwe Limited,,,,08-17-2022,46.166,42.95,15900.0
,Econet Wireless Zimbabwe Limited,,,,08-17-2022,144.1005,136.4675,7700.0
,Edgars Stores Limited,,,,08-17-2022,6.75,7.75,1200.0
,Fbc Holdings Limited,,,,08-17-2022,58.85,58.85,489400.0
,Fidelity Life Assurance Limited,,,,08-17-2022,22.0,22.0,200.0
,First Capital Bank Limited,,,,08-17-2022,7.0004,7.8357,2800.0
,First Mutual Holdings Limited,,,,08-17-2022,19.0,19.0,300.0
,First Mutual Properties Limited,,,,08-17-2022,8.34,7.6481,2100.0
,General Beltings Holdings Limited,,,,08-17-2022,1.5,1.5,0.0
,Getbucks Microfinance Bank Limited,,,,08-17-2022,17.0,17.0,0.0
,Hippo Valley Estates Limited,,,,08-17-2022,245.0,245.0,100.0
,Innscor Africa Limited,,,,08-17-2022,265.162,265.2956,126800.0
,Lafarge Cement Zimbabwe Limited,,,,08-17-2022,120.0,120.0,39300.0
,Mashonaland Holdings Limited,,,,08-17-2022,4.9974,5.0,767100.0
,Masimba Holdings Limited,,,,08-17-2022,50.0,50.0,200.0
,Meikles Limited,,,,08-17-2022,105.0,99.8271,6100.0
,Nampak Zimbabwe Limited,,,,08-17-2022,10.8849,10.8849,0.0
,National Foods Holdings Limited,,,,08-17-2022,1750.0,1750.0,0.0
,National Tyre Services Limited,,,,08-17-2022,10.5,10.5,0.0
,Nmbz Holdings Limited,,,,08-17-2022,17.0,16.5,300.0
,Ok Zimbabwe Limited,,,,08-17-2022,30.0,29.9998,3317100.0
,Proplastics Limited,,,,08-17-2022,25.0,25.0,0.0
,Rainbow Tourism Group Limited,,,,08-17-2022,9.0,7.85,1100.0
,Riozim Limited,,,,08-17-2022,93.5238,93.5238,0.0
,Seed Co Limited,,,,08-17-2022,90.2632,89.9616,29000.0
,Simbisa Brands Limited,,,,08-17-2022,178.8152,173.9869,193500.0
,Starafricacorporation Limited,,,,08-17-2022,1.5462,1.5386,76600.0
,Tanganda Tea Company Limited,,,,08-17-2022,138.0,132.3133,15000.0
,Truworths Limited,,,,08-17-2022,2.0,2.0,1000.0
,Tsl Limited,,,,08-17-2022,85.0,72.25,5000.0
,Turnall Holdings Limited,,,,08-17-2022,4.5725,4.57,263600.0
,Unifreight Africa Limited,,,,08-17-2022,43.0556,43.0556,0.0
,Willdale Limited,,,,08-17-2022,2.3294,2.2358,23700.0
,Zb Financial Holdings Limited,,,,08-17-2022,114.0,114.0,0.0
,Zeco Holdings Limited,,,,08-17-2022,0.0288,0.0288,0.0
,Zimbabwe Newspapers (1980) Limited,,,,08-17-2022,4.25,4.2353,34100.0
,Zimplow Holdings Limited,,,,08-17-2022,16.2545,16.2545,0.0
,Zimre Holdings Limited,,,,08-17-2022,3.75,4.0,2000.0
,,,,,08-17-2022,,,6193600.0
,,,,,08-25-2022,EQUITIES,,
,1.0,,,,08-25-2022,324.9,324.9,0.0
,2.0,,,,08-25-2022,14.3657,14.1201,50300.0
,3.0,,,,08-25-2022,17,17.0,0.0
,4.0,,,,08-25-2022,2.4821,2.4159,2700.0
,5.0,,,,08-25-2022,63.1126,63.1126,0.0
,6.0,,,,08-25-2022,13.75,13.75,0.0
,7.0,,,,08-25-2022,26,26.0,0.0
,8.0,,,,08-25-2022,2449,2449.0,0.0
,9.0,,,,08-25-2022,200,200.0,0.0
,10.0,,,,08-25-2022,131.6667,131.7,400.0
,11.0,,,,08-25-2022,370,370.0,0.0
,12.0,,,,08-25-2022,24.5,24.5,3600.0
,13.0,,,,08-25-2022,254.0606,249.3552,74700.0
,14.0,,,,08-25-2022,39.1214,39.9753,24300.0
,15.0,,,,08-25-2022,119.8523,116.9559,513000.0
,16.0,,,,08-25-2022,7.75,7.75,400.0
,17.0,,,,08-25-2022,58.75,58.75,0.0
,18.0,,,,08-25-2022,22,22.0,0.0
,19.0,,,,08-25-2022,7.5997,7.4913,37700.0
,20.0,,,,08-25-2022,19,19.0,100.0
,21.0,,,,08-25-2022,5.4018,6.03,16400.0
,22.0,,,,08-25-2022,1.4,1.4021,25300.0
,23.0,,,,08-25-2022,17,17.0,0.0
,24.0,,,,08-25-2022,245,245.0,0.0
,25.0,,,,08-25-2022,264,267.0461,18100.0
,26.0,,,,08-25-2022,120,120.0,1000.0
,27.0,,,,08-25-2022,5.1,5.0,400.0
,28.0,,,,08-25-2022,50,42.5,5200.0
,29.0,,,,08-25-2022,100,93.5269,9300.0
,30.0,,,,08-25-2022,10.5,10.5,5500.0
,31.0,,,,08-25-2022,1500,1407.0,500.0
,32.0,,,,08-25-2022,11.75,13.0,100.0
,33.0,,,,08-25-2022,17.9998,17.0,700.0
,34.0,,,,08-25-2022,30.3679,30.6126,1614300.0
,35.0,,,,08-25-2022,22.5,21.25,19800.0
,36.0,,,,08-25-2022,8.5,8.5,0.0
,37.0,,,,08-25-2022,93.55,93.55,0.0
,38.0,,,,08-25-2022,70,74.5,1000.0
,39.0,,,,08-25-2022,163.32,160.297,54200.0
,40.0,,,,08-25-2022,1.5491,1.5484,86500.0
,41.0,,,,08-25-2022,127.8,129.0,100.0
,42.0,,,,08-25-2022,1.9931,2.0,14300.0
,43.0,,,,08-25-2022,72,61.2813,13100.0
,44.0,,,,08-25-2022,4.57,4.5568,9500.0
,45.0,,,,08-25-2022,34.2,34.2,0.0
,46.0,,,,08-25-2022,2,2.0,2100.0
,47.0,,,,08-25-2022,84.1333,84.1333,0.0
,48.0,,,,08-25-2022,0.0288,0.0288,0.0
,49.0,,,,08-25-2022,3.6125,3.6125,9100.0
,50.0,,,,08-25-2022,17,17.0,0.0
,51.0,,,,08-25-2022,4.9231,4.9266,4600.0
,EQUITIES,,,,09-01-2022,,,
,Afdis Distillers Limited,,,,09-01-2022,315.0,315.0,0.0
,African Sun Limited,,,,09-01-2022,15.805,15.8054,7400.0
,Amalgamated Regional Trading (Art) Holdings Limited,,,,09-01-2022,14.45,14.45,0.0
,Ariston Holdings Limited,,,,09-01-2022,2.39,2.3976,20300.0
,Axia Corporation Limited,,,,09-01-2022,62.81,58.7418,193900.0
,Bridgefort Capital Limited,,,,09-01-2022,10.2,10.2,800.0
,Bridgefort Capital Limited Class B,,,,09-01-2022,26.0,26.0,0.0
,British American Tobacco Zimbabwe Limited,,,,09-01-2022,2330.0,2300.0,1200.0
,Cafca Limited,,,,09-01-2022,200.0,200.0,0.0
,Cbz Holdings Limited,,,,09-01-2022,150.0471,140.0,5000.0
,Cfi Holdings Limited,,,,09-01-2022,370.0,370.0,0.0
,Dairibord Holdings Limited,,,,09-01-2022,22.0,21.9567,614600.0
,Delta Corporation Limited,,,,09-01-2022,221.7561,221.8934,235300.0
,Ecocash Holdings Zimbabwe Limited,,,,09-01-2022,37.9643,35.8384,242200.0
,Econet Wireless Zimbabwe Limited,,,,09-01-2022,109.9545,108.7775,313100.0
,Edgars Stores Limited,,,,09-01-2022,6.59,6.59,400.0
,Fbc Holdings Limited,,,,09-01-2022,58.75,57.8153,123100.0
,Fidelity Life Assurance Limited,,,,09-01-2022,22.0,22.0,400.0
,First Capital Bank Limited,,,,09-01-2022,6.9989,7.5,2000.0
,First Mutual Holdings Limited,,,,09-01-2022,19.0,19.0,200.0
,First Mutual Properties Limited,,,,09-01-2022,6.1,6.0,5600.0
,General Beltings Holdings Limited,,,,09-01-2022,1.55,1.55,7000.0
,Getbucks Microfinance Bank Limited,,,,09-01-2022,17.0,17.0,100.0
,Hippo Valley Estates Limited,,,,09-01-2022,208.25,208.25,1500.0
,Innscor Africa Limited,,,,09-01-2022,270.3306,270.0,93600.0
,Lafarge Cement Zimbabwe Limited,,,,09-01-2022,120.0,102.0,26100.0
,Mashonaland Holdings Limited,,,,09-01-2022,5.0039,5.24,300.0
,Masimba Holdings Limited,,,,09-01-2022,43.5,49.9878,40700.0
,Meikles Limited,,,,09-01-2022,100.0,100.0,13200.0
,Nampak Zimbabwe Limited,,,,09-01-2022,9.6268,9.6268,0.0
,National Foods Holdings Limited,,,,09-01-2022,1345.0,1345.0,8700.0
,National Tyre Services Limited,,,,09-01-2022,13.0,13.0,0.0
,Nmbz Holdings Limited,,,,09-01-2022,16.0,15.0,2007000.0
,Ok Zimbabwe Limited,,,,09-01-2022,32.0183,34.2253,1814800.0
,Proplastics Limited,,,,09-01-2022,21.6672,21.8,225500.0
,Rainbow Tourism Group Limited,,,,09-01-2022,8.2,8.2,0.0
,Riozim Limited,,,,09-01-2022,85.0,85.0,0.0
,Seed Co Limited,,,,09-01-2022,77.9333,69.9469,56500.0
,Simbisa Brands Limited,,,,09-01-2022,156.7805,155.6829,144100.0
,Starafricacorporation Limited,,,,09-01-2022,1.63,1.63,89200.0
,Tanganda Tea Company Limited,,,,09-01-2022,124.0,124.9229,372300.0
,Truworths Limited,,,,09-01-2022,1.87,1.7,500.0
,Tsl Limited,,,,09-01-2022,61.25,61.25,0.0
,Turnall Holdings Limited,,,,09-01-2022,4.57,4.57,0.0
,Unifreight Africa Limited,,,,09-01-2022,34.2,34.2,0.0
,Willdale Limited,,,,09-01-2022,1.8027,1.95,1000.0
,Zb Financial Holdings Limited,,,,09-01-2022,70.4348,70.4348,0.0
,Zeco Holdings Limited,,,,09-01-2022,0.0288,0.0288,0.0
,Zimbabwe Newspapers (1980) Limited,,,,09-01-2022,4.0,4.0,900.0
,Zimplow Holdings Limited,,,,09-01-2022,16.9514,16.9514,0.0
,Zimre Holdings Limited,,,,09-01-2022,4.8518,4.8202,3100.0
,1.0,,,,11-12-2022,297.8,296.75,400.0
,2.0,,,,11-12-2022,25.0,24.9969,6400.0
,3.0,,,,11-12-2022,15.0636,15.0636,0.0
,4.0,,,,11-12-2022,4.0,3.9437,7900.0
,5.0,,,,11-12-2022,74.1021,70.0,147200.0
,6.0,,,,11-12-2022,8.0,8.0,0.0
,7.0,,,,11-12-2022,26.0,26.0,0.0
,8.0,,,,11-12-2022,2950.0,2950.0,0.0
,9.0,,,,11-12-2022,200.05,200.05,0.0
,10.0,,,,11-12-2022,130.0,130.0,9000.0
,11.0,,,,11-12-2022,411.25,411.25,0.0
,12.0,,,,11-12-2022,49.7,49.75,500.0
,13.0,,,,11-12-2022,213.5839,212.0412,34100.0
,14.0,,,,11-12-2022,38.4519,38.5,243200.0
,15.0,,,,11-12-2022,81.4611,80.3895,474600.0
,16.0,,,,11-12-2022,7.5,7.5,4000.0
,17.0,,,,11-12-2022,62.5012,62.5012,0.0
,18.0,,,,11-12-2022,24.0,24.0,0.0
,19.0,,,,11-12-2022,10.4,10.4,0.0
,20.0,,,,11-12-2022,23.5,23.5,0.0
,21.0,,,,11-12-2022,8.8135,8.82,300.0
,22.0,,,,11-12-2022,2.0,2.0,0.0
,23.0,,,,11-12-2022,18.95,18.95,0.0
,24.0,,,,11-12-2022,207.05,207.0501,60100.0
,25.0,,,,11-12-2022,329.0831,327.5898,371400.0
,26.0,,,,11-12-2022,124.7419,124.7419,0.0
,27.0,,,,11-12-2022,7.81,7.81,65500.0
,28.0,,,,11-12-2022,78.0,78.0,0.0
,29.0,,,,11-12-2022,100.5,100.001,203400.0
,30.0,,,,11-12-2022,10.0,10.0,0.0
,31.0,,,,11-12-2022,1103.0,1103.0,0.0
,32.0,,,,11-12-2022,12.0,12.0,0.0
,33.0,,,,11-12-2022,24.4025,25.0,200.0
,34.0,,,,11-12-2022,29.6832,29.8956,8000.0
,35.0,,,,11-12-2022,27.7109,27.7109,0.0
,36.0,,,,11-12-2022,7.9063,7.9063,0.0
,37.0,,,,11-12-2022,140.0,140.0,0.0
,38.0,,,,11-12-2022,90.0,90.0,54500.0
,39.0,,,,11-12-2022,229.8211,227.6667,300.0
,40.0,,,,11-12-2022,1.877,1.89,5500.0
,41.0,,,,11-12-2022,90.0,90.0,95300.0
,42.0,,,,11-12-2022,2.2025,2.2025,0.0
,43.0,,,,11-12-2022,41.1794,41.1794,0.0
,44.0,,,,11-12-2022,3.91,3.91,0.0
,45.0,,,,11-12-2022,52.9692,52.9692,0.0
,46.0,,,,11-12-2022,2.845,2.8475,500.0
,47.0,,,,11-12-2022,114.5,114.5,0.0
,48.0,,,,11-12-2022,0.0331,0.0331,0.0
,49.0,,,,11-12-2022,2.6,2.6,0.0
,50.0,,,,11-12-2022,18.4,18.4,200.0
,51.0,,,,11-12-2022,5.1,5.1,0.0
,1.0,,,,11-13-2022,297.8,296.75,400.0
,2.0,,,,11-13-2022,25.0,24.9969,6400.0
,3.0,,,,11-13-2022,15.0636,15.0636,0.0
,4.0,,,,11-13-2022,4.0,3.9437,7900.0
,5.0,,,,11-13-2022,74.1021,70.0,147200.0
,6.0,,,,11-13-2022,8.0,8.0,0.0
,7.0,,,,11-13-2022,26.0,26.0,0.0
,8.0,,,,11-13-2022,2950.0,2950.0,0.0
,9.0,,,,11-13-2022,200.05,200.05,0.0
,10.0,,,,11-13-2022,130.0,130.0,9000.0
,11.0,,,,11-13-2022,411.25,411.25,0.0
,12.0,,,,11-13-2022,49.7,49.75,500.0
,13.0,,,,11-13-2022,213.5839,212.0412,34100.0
,14.0,,,,11-13-2022,38.4519,38.5,243200.0
,15.0,,,,11-13-2022,81.4611,80.3895,474600.0
,16.0,,,,11-13-2022,7.5,7.5,4000.0
,17.0,,,,11-13-2022,62.5012,62.5012,0.0
,18.0,,,,11-13-2022,24.0,24.0,0.0
,19.0,,,,11-13-2022,10.4,10.4,0.0
,20.0,,,,11-13-2022,23.5,23.5,0.0
,21.0,,,,11-13-2022,8.8135,8.82,300.0
,22.0,,,,11-13-2022,2.0,2.0,0.0
,23.0,,,,11-13-2022,18.95,18.95,0.0
,24.0,,,,11-13-2022,207.05,207.0501,60100.0
,25.0,,,,11-13-2022,329.0831,327.5898,371400.0
,26.0,,,,11-13-2022,124.7419,124.7419,0.0
,27.0,,,,11-13-2022,7.81,7.81,65500.0
,28.0,,,,11-13-2022,78.0,78.0,0.0
,29.0,,,,11-13-2022,100.5,100.001,203400.0
,30.0,,,,11-13-2022,10.0,10.0,0.0
,31.0,,,,11-13-2022,1103.0,1103.0,0.0
,32.0,,,,11-13-2022,12.0,12.0,0.0
,33.0,,,,11-13-2022,24.4025,25.0,200.0
,34.0,,,,11-13-2022,29.6832,29.8956,8000.0
,35.0,,,,11-13-2022,27.7109,27.7109,0.0
,36.0,,,,11-13-2022,7.9063,7.9063,0.0
,37.0,,,,11-13-2022,140.0,140.0,0.0
,38.0,,,,11-13-2022,90.0,90.0,54500.0
,39.0,,,,11-13-2022,229.8211,227.6667,300.0
,40.0,,,,11-13-2022,1.877,1.89,5500.0
,41.0,,,,11-13-2022,90.0,90.0,95300.0
,42.0,,,,11-13-2022,2.2025,2.2025,0.0
,43.0,,,,11-13-2022,41.1794,41.1794,0.0
,44.0,,,,11-13-2022,3.91,3.91,0.0
,45.0,,,,11-13-2022,52.9692,52.9692,0.0
,46.0,,,,11-13-2022,2.845,2.8475,500.0
,47.0,,,,11-13-2022,114.5,114.5,0.0
,48.0,,,,11-13-2022,0.0331,0.0331,0.0
,49.0,,,,11-13-2022,2.6,2.6,0.0
,50.0,,,,11-13-2022,18.4,18.4,200.0
,51.0,,,,11-13-2022,5.1,5.1,0.0
,1.0,,,,11-14-2022,297.8,296.75,400.0
,2.0,,,,11-14-2022,25.0,24.9969,6400.0
,3.0,,,,11-14-2022,15.0636,15.0636,0.0
,4.0,,,,11-14-2022,4.0,3.9437,7900.0
,5.0,,,,11-14-2022,74.1021,70.0,147200.0
,6.0,,,,11-14-2022,8.0,8.0,0.0
,7.0,,,,11-14-2022,26.0,26.0,0.0
,8.0,,,,11-14-2022,2950.0,2950.0,0.0
,9.0,,,,11-14-2022,200.05,200.05,0.0
,10.0,,,,11-14-2022,130.0,130.0,9000.0
,11.0,,,,11-14-2022,411.25,411.25,0.0
,12.0,,,,11-14-2022,49.7,49.75,500.0
,13.0,,,,11-14-2022,213.5839,212.0412,34100.0
,14.0,,,,11-14-2022,38.4519,38.5,243200.0
,15.0,,,,11-14-2022,81.4611,80.3895,474600.0
,16.0,,,,11-14-2022,7.5,7.5,4000.0
,17.0,,,,11-14-2022,62.5012,62.5012,0.0
,18.0,,,,11-14-2022,24.0,24.0,0.0
,19.0,,,,11-14-2022,10.4,10.4,0.0
,20.0,,,,11-14-2022,23.5,23.5,0.0
,21.0,,,,11-14-2022,8.8135,8.82,300.0
,22.0,,,,11-14-2022,2.0,2.0,0.0
,23.0,,,,11-14-2022,18.95,18.95,0.0
,24.0,,,,11-14-2022,207.05,207.0501,60100.0
,25.0,,,,11-14-2022,329.0831,327.5898,371400.0
,26.0,,,,11-14-2022,124.7419,124.7419,0.0
,27.0,,,,11-14-2022,7.81,7.81,65500.0
,28.0,,,,11-14-2022,78.0,78.0,0.0
,29.0,,,,11-14-2022,100.5,100.001,203400.0
,30.0,,,,11-14-2022,10.0,10.0,0.0
,31.0,,,,11-14-2022,1103.0,1103.0,0.0
,32.0,,,,11-14-2022,12.0,12.0,0.0
,33.0,,,,11-14-2022,24.4025,25.0,200.0
,34.0,,,,11-14-2022,29.6832,29.8956,8000.0
,35.0,,,,11-14-2022,27.7109,27.7109,0.0
,36.0,,,,11-14-2022,7.9063,7.9063,0.0
,37.0,,,,11-14-2022,140.0,140.0,0.0
,38.0,,,,11-14-2022,90.0,90.0,54500.0
,39.0,,,,11-14-2022,229.8211,227.6667,300.0
,40.0,,,,11-14-2022,1.877,1.89,5500.0
,41.0,,,,11-14-2022,90.0,90.0,95300.0
,42.0,,,,11-14-2022,2.2025,2.2025,0.0
,43.0,,,,11-14-2022,41.1794,41.1794,0.0
,44.0,,,,11-14-2022,3.91,3.91,0.0
,45.0,,,,11-14-2022,52.9692,52.9692,0.0
,46.0,,,,11-14-2022,2.845,2.8475,500.0
,47.0,,,,11-14-2022,114.5,114.5,0.0
,48.0,,,,11-14-2022,0.0331,0.0331,0.0
,49.0,,,,11-14-2022,2.6,2.6,0.0
,50.0,,,,11-14-2022,18.4,18.4,200.0
,51.0,,,,11-14-2022,5.1,5.1,0.0
,,,,,11-16-2022,EQUITIES,,
,1.0,,,,11-16-2022,296,296.0,0.0
,2.0,,,,11-16-2022,24.7604,24.475,800.0
,3.0,,,,11-16-2022,15.0636,15.05,3800.0
,4.0,,,,11-16-2022,3.95,3.9501,3200.0
,5.0,,,,11-16-2022,66.4444,64.9979,31300.0
,6.0,,,,11-16-2022,8,8.0,0.0
,7.0,,,,11-16-2022,26,26.0,0.0
,8.0,,,,11-16-2022,2950,2950.0,0.0
,9.0,,,,11-16-2022,200.05,200.05,0.0
,10.0,,,,11-16-2022,130,130.0,0.0
,11.0,,,,11-16-2022,357.6468,357.6468,0.0
,12.0,,,,11-16-2022,49.75,49.75,0.0
,13.0,,,,11-16-2022,200,200.3896,119000.0
,14.0,,,,11-16-2022,37.2045,37.875,61400.0
,15.0,,,,11-16-2022,75.0008,69.9858,540100.0
,16.0,,,,11-16-2022,7.5185,7.5185,0.0
,17.0,,,,11-16-2022,62.5,62.5,86500.0
,18.0,,,,11-16-2022,24,24.0,0.0
,19.0,,,,11-16-2022,10.4,9.1846,3900.0
,20.0,,,,11-16-2022,23,24.85,26000.0
,21.0,,,,11-16-2022,10.14,10.14,0.0
,22.0,,,,11-16-2022,2,2.0,0.0
,23.0,,,,11-16-2022,18.95,18.95,0.0
,24.0,,,,11-16-2022,195,199.0,100.0
,25.0,,,,11-16-2022,321.6265,320.1596,118500.0
,26.0,,,,11-16-2022,124.7419,124.7419,0.0
,27.0,,,,11-16-2022,7.8,7.9995,3296100.0
,28.0,,,,11-16-2022,75,75.0,0.0
,29.0,,,,11-16-2022,100,100.0,10400.0
,30.0,,,,11-16-2022,10,8.5,300.0
,31.0,,,,11-16-2022,1103,1103.0,0.0
,32.0,,,,11-16-2022,12,12.0,0.0
,33.0,,,,11-16-2022,24,24.0,0.0
,34.0,,,,11-16-2022,28.6604,29.0992,25700.0
,35.0,,,,11-16-2022,27.6498,27.6251,404000.0
,36.0,,,,11-16-2022,7.9052,7.9233,1800.0
,37.0,,,,11-16-2022,140,140.0,0.0
,38.0,,,,11-16-2022,90,84.3571,253400.0
,39.0,,,,11-16-2022,216.2421,216.3087,198700.0
,40.0,,,,11-16-2022,1.8645,1.89,6100.0
,41.0,,,,11-16-2022,85,85.0,100.0
,42.0,,,,11-16-2022,2.2025,2.2025,0.0
,43.0,,,,11-16-2022,41.1794,41.05,25000.0
,44.0,,,,11-16-2022,3.91,3.91,0.0
,45.0,,,,11-16-2022,52.9692,52.0,100.0
,46.0,,,,11-16-2022,2.8,2.8008,26600.0
,47.0,,,,11-16-2022,114.5,114.5,0.0
,48.0,,,,11-16-2022,0.0331,0.0331,0.0
,49.0,,,,11-16-2022,2.6,2.6,0.0
,50.0,,,,11-16-2022,18.9,18.75,200.0
,51.0,,,,11-16-2022,5.1,5.1,34500.0
,1.0,,,,10-28-2023,1739.35,1739.35,0.0
,2.0,,,,10-28-2023,48.0,48.0,0.0
,3.0,,,,10-28-2023,30.3615,30.4,19800.0
,4.0,,,,10-28-2023,16.5909,16.5909,0.0
,5.0,,,,10-28-2023,33.65,33.65,0.0
,6.0,,,,10-28-2023,13995.59,13995.59,0.0
,7.0,,,,10-28-2023,2350.0,2350.0,0.0
,8.0,,,,10-28-2023,1804.167,1805.439,15400.0
,9.0,,,,10-28-2023,2200.1,2200.1,100.0
,10.0,,,,10-28-2023,475.9502,475.9502,0.0
,11.0,,,,10-28-2023,2602.592,2606.54,194800.0
,12.0,,,,10-28-2023,138.5127,137.9942,20600.0
,13.0,,,,10-28-2023,501.5302,498.8537,2659100.0
,14.0,,,,10-28-2023,95.8083,95.3568,6600.0
,15.0,,,,10-28-2023,750.0466,756.75,800.0
,16.0,,,,10-28-2023,150.0,150.0,0.0
,17.0,,,,10-28-2023,585.0,585.0,800.0
,18.0,,,,10-28-2023,137.1,137.1,0.0
,19.0,,,,10-28-2023,11.353,11.353,0.0
,20.0,,,,10-28-2023,1892.53,1892.53,0.0
,21.0,,,,10-28-2023,125.0477,125.4167,600.0
,22.0,,,,10-28-2023,800.0,800.0,0.0
,23.0,,,,10-28-2023,966.1901,999.7854,17100.0
,24.0,,,,10-28-2023,345.6667,336.5714,700.0
,25.0,,,,10-28-2023,24.7,24.7,0.0
,26.0,,,,10-28-2023,300.05,300.05,0.0
,27.0,,,,10-28-2023,150.168,145.9316,1914700.0
,28.0,,,,10-28-2023,611.5,611.5,0.0
,29.0,,,,10-28-2023,133.3585,135.0,1000.0
,30.0,,,,10-28-2023,690.0,690.0,0.0
,31.0,,,,10-28-2023,740.0,841.0,6300.0
,32.0,,,,10-28-2023,4.9817,4.9758,44300.0
,33.0,,,,10-28-2023,950.0101,950.0101,0.0
,34.0,,,,10-28-2023,35.0,35.0,15500.0
,35.0,,,,10-28-2023,517.9,517.9,0.0
,36.0,,,,10-28-2023,25.5,25.5,4100.0
,37.0,,,,10-28-2023,258.0,258.0,0.0
,38.0,,,,10-28-2023,18.0,20.7,3000.0
,39.0,,,,10-28-2023,790.0,850.0,300.0
,40.0,,,,10-28-2023,0.0331,0.0331,0.0
,41.0,,,,10-28-2023,16.65,16.65,0.0
,42.0,,,,10-28-2023,106.6667,100.0,11400.0
,1.0,,,,10-29-2023,1739.35,1739.35,0.0
,2.0,,,,10-29-2023,48.0,48.0,0.0
,3.0,,,,10-29-2023,30.3615,30.4,19800.0
,4.0,,,,10-29-2023,16.5909,16.5909,0.0
,5.0,,,,10-29-2023,33.65,33.65,0.0
,6.0,,,,10-29-2023,13995.59,13995.59,0.0
,7.0,,,,10-29-2023,2350.0,2350.0,0.0
,8.0,,,,10-29-2023,1804.167,1805.439,15400.0
,9.0,,,,10-29-2023,2200.1,2200.1,100.0
,10.0,,,,10-29-2023,475.9502,475.9502,0.0
,11.0,,,,10-29-2023,2602.592,2606.54,194800.0
,12.0,,,,10-29-2023,138.5127,137.9942,20600.0
,13.0,,,,10-29-2023,501.5302,498.8537,2659100.0
,14.0,,,,10-29-2023,95.8083,95.3568,6600.0
,15.0,,,,10-29-2023,750.0466,756.75,800.0
,16.0,,,,10-29-2023,150.0,150.0,0.0
,17.0,,,,10-29-2023,585.0,585.0,800.0
,18.0,,,,10-29-2023,137.1,137.1,0.0
,19.0,,,,10-29-2023,11.353,11.353,0.0
,20.0,,,,10-29-2023,1892.53,1892.53,0.0
,21.0,,,,10-29-2023,125.0477,125.4167,600.0
,22.0,,,,10-29-2023,800.0,800.0,0.0
,23.0,,,,10-29-2023,966.1901,999.7854,17100.0
,24.0,,,,10-29-2023,345.6667,336.5714,700.0
,25.0,,,,10-29-2023,24.7,24.7,0.0
,26.0,,,,10-29-2023,300.05,300.05,0.0
,27.0,,,,10-29-2023,150.168,145.9316,1914700.0
,28.0,,,,10-29-2023,611.5,611.5,0.0
,29.0,,,,10-29-2023,133.3585,135.0,1000.0
,30.0,,,,10-29-2023,690.0,690.0,0.0
,31.0,,,,10-29-2023,740.0,841.0,6300.0
,32.0,,,,10-29-2023,4.9817,4.9758,44300.0
,33.0,,,,10-29-2023,950.0101,950.0101,0.0
,34.0,,,,10-29-2023,35.0,35.0,15500.0
,35.0,,,,10-29-2023,517.9,517.9,0.0
,36.0,,,,10-29-2023,25.5,25.5,4100.0
,37.0,,,,10-29-2023,258.0,258.0,0.0
,38.0,,,,10-29-2023,18.0,20.7,3000.0
,39.0,,,,10-29-2023,790.0,850.0,300.0
,40.0,,,,10-29-2023,0.0331,0.0331,0.0
,41.0,,,,10-29-2023,16.65,16.65,0.0
,42.0,,,,10-29-2023,106.6667,100.0,11400.0
,1.0,,,,10-30-2023,1739.35,1739.35,0.0
,2.0,,,,10-30-2023,48.0,48.0,0.0
,3.0,,,,10-30-2023,30.3615,30.4,19800.0
,4.0,,,,10-30-2023,16.5909,16.5909,0.0
,5.0,,,,10-30-2023,33.65,33.65,0.0
,6.0,,,,10-30-2023,13995.59,13995.59,0.0
,7.0,,,,10-30-2023,2350.0,2350.0,0.0
,8.0,,,,10-30-2023,1804.167,1805.439,15400.0
,9.0,,,,10-30-2023,2200.1,2200.1,100.0
,10.0,,,,10-30-2023,475.9502,475.9502,0.0
,11.0,,,,10-30-2023,2602.592,2606.54,194800.0
,12.0,,,,10-30-2023,138.5127,137.9942,20600.0
,13.0,,,,10-30-2023,501.5302,498.8537,2659100.0
,14.0,,,,10-30-2023,95.8083,95.3568,6600.0
,15.0,,,,10-30-2023,750.0466,756.75,800.0
,16.0,,,,10-30-2023,150.0,150.0,0.0
,17.0,,,,10-30-2023,585.0,585.0,800.0
,18.0,,,,10-30-2023,137.1,137.1,0.0
,19.0,,,,10-30-2023,11.353,11.353,0.0
,20.0,,,,10-30-2023,1892.53,1892.53,0.0
,21.0,,,,10-30-2023,125.0477,125.4167,600.0
,22.0,,,,10-30-2023,800.0,800.0,0.0
,23.0,,,,10-30-2023,966.1901,999.7854,17100.0
,24.0,,,,10-30-2023,345.6667,336.5714,700.0
,25.0,,,,10-30-2023,24.7,24.7,0.0
,26.0,,,,10-30-2023,300.05,300.05,0.0
,27.0,,,,10-30-2023,150.168,145.9316,1914700.0
,28.0,,,,10-30-2023,611.5,611.5,0.0
,29.0,,,,10-30-2023,133.3585,135.0,1000.0
,30.0,,,,10-30-2023,690.0,690.0,0.0
,31.0,,,,10-30-2023,740.0,841.0,6300.0
,32.0,,,,10-30-2023,4.9817,4.9758,44300.0
,33.0,,,,10-30-2023,950.0101,950.0101,0.0
,34.0,,,,10-30-2023,35.0,35.0,15500.0
,35.0,,,,10-30-2023,517.9,517.9,0.0
,36.0,,,,10-30-2023,25.5,25.5,4100.0
,37.0,,,,10-30-2023,258.0,258.0,0.0
,38.0,,,,10-30-2023,18.0,20.7,3000.0
,39.0,,,,10-30-2023,790.0,850.0,300.0
,40.0,,,,10-30-2023,0.0331,0.0331,0.0
,41.0,,,,10-30-2023,16.65,16.65,0.0
,42.0,,,,10-30-2023,106.6667,100.0,11400.0
,1.0,,,,12-15-2023,2600.0,0.0,100.0
,2.0,,,,12-15-2023,64.0,0.0,0.0
,3.0,,,,12-15-2023,40.0,0.0,0.0
,4.0,,,,12-15-2023,17.0,0.0,0.0
,5.0,,,,12-15-2023,33.65,0.0,0.0
,6.0,,,,12-15-2023,12985.0,0.0,0.0
,7.0,,,,12-15-2023,2909.5,0.0,0.0
,8.0,,,,12-15-2023,2760.049,0.0486,81400.0
,9.0,,,,12-15-2023,1900.0,0.0,0.0
,10.0,,,,12-15-2023,624.0,0.0,26800.0
,11.0,,,,12-15-2023,3421.391,-72.5309,354800.0
,12.0,,,,12-15-2023,120.2874,-19.2812,1379000.0
,13.0,,,,12-15-2023,708.7512,-10.5556,108900.0
,14.0,,,,12-15-2023,90.0,0.0,0.0
,15.0,,,,12-15-2023,937.8193,-13.4357,746300.0
,16.0,,,,12-15-2023,235.0,0.0,0.0
,17.0,,,,12-15-2023,1049.95,0.0,0.0
,18.0,,,,12-15-2023,276.0,0.0,0.0
,19.0,,,,12-15-2023,22.8,0.0,4800.0
,20.0,,,,12-15-2023,1857.17,2.1698,10600.0
,21.0,,,,12-15-2023,143.0,0.0,0.0
,22.0,,,,12-15-2023,810.0,0.0,18200.0
,23.0,,,,12-15-2023,1300.0,0.0,0.0
,24.0,,,,12-15-2023,295.0,-3.0,500.0
,25.0,,,,12-15-2023,24.7,0.0,0.0
,26.0,,,,12-15-2023,577.3,0.0,0.0
,27.0,,,,12-15-2023,195.1139,-0.1239,126000.0
,28.0,,,,12-15-2023,594.5473,-11.3535,1995700.0
,29.0,,,,12-15-2023,156.0,0.0,0.0
,30.0,,,,12-15-2023,800.0,0.0,0.0
,31.0,,,,12-15-2023,801.4797,-11.5744,36900.0
,32.0,,,,12-15-2023,4.7876,-0.0017,72400.0
,33.0,,,,12-15-2023,956.5253,0.0,0.0
,34.0,,,,12-15-2023,38.0,0.0,0.0
,35.0,,,,12-15-2023,1100.0,0.0,0.0
,36.0,,,,12-15-2023,34.8345,8.8345,35100.0
,37.0,,,,12-15-2023,250.0,0.0,200.0
,38.0,,,,12-15-2023,46.0,6.0,5200.0
,39.0,,,,12-15-2023,850.0,0.0,0.0
,40.0,,,,12-15-2023,0.04,0.0,0.0
,41.0,,,,12-15-2023,32.2,0.0,0.0
,42.0,,,,12-15-2023,180.0,-2.5508,1400.0
,1.0,,,,05-03-2024,220.25,100.0,22025.0
,2.0,,,,05-03-2024,9.02,0.0,0.0
,3.0,,,,05-03-2024,4.8,13100.0,62880.0
,4.0,,,,05-03-2024,1.4007,0.0,0.0
,5.0,,,,05-03-2024,1.3207,0.0,0.0
,6.0,,,,05-03-2024,2601.0,100.0,260100.0
,7.0,,,,05-03-2024,621.3121,0.0,0.0
,8.0,,,,05-03-2024,360.0,2900.0,1044000.0
,9.0,,,,05-03-2024,130.05,0.0,0.0
,10.0,,,,05-03-2024,90.2,1200.0,108240.0
,11.0,,,,05-03-2024,710.739,32400.0,23027950.0
,12.0,,,,05-03-2024,28.6565,4600.0,131820.0
,13.0,,,,05-03-2024,140.3564,19600.0,2750985.0
,14.0,,,,05-03-2024,192.0,0.0,0.0
,15.0,,,,05-03-2024,50.6,0.0,0.0
,16.0,,,,05-03-2024,226.0,0.0,0.0
,17.0,,,,05-03-2024,31.85,0.0,0.0
,18.0,,,,05-03-2024,4.8761,11500.0,56075.0
,19.0,,,,05-03-2024,350.05,4300.0,1505215.0
,20.0,,,,05-03-2024,14.6045,0.0,0.0
,21.0,,,,05-03-2024,155.0,0.0,0.0
,22.0,,,,05-03-2024,238.0294,122500.0,29158600.0
,23.0,,,,05-03-2024,50.0,600.0,30000.0
,24.0,,,,05-03-2024,12.8064,0.0,0.0
,25.0,,,,05-03-2024,144.0357,7000.0,1008250.0
,26.0,,,,05-03-2024,54.0243,40100.0,2166375.0
,27.0,,,,05-03-2024,57.0,1200.0,68400.0
,28.0,,,,05-03-2024,20.7,1200.0,24840.0
,29.0,,,,05-03-2024,63.0,0.0,0.0
,30.0,,,,05-03-2024,125.05,0.0,0.0
,31.0,,,,05-03-2024,0.7395,292500.0,216295.0
,32.0,,,,05-03-2024,199.2414,0.0,0.0
,33.0,,,,05-03-2024,106.0,0.0,0.0
,34.0,,,,05-03-2024,2.3246,20200.0,46956.0
,35.0,,,,05-03-2024,26.0,0.0,0.0
,36.0,,,,05-03-2024,5.02,200.0,1004.0
,37.0,,,,05-03-2024,253.95,0.0,0.0
,38.0,,,,05-03-2024,0.0018,0.0,0.0
,39.0,,,,05-03-2024,4.002,0.0,0.0
,40.0,,,,05-03-2024,32.0,13600.0,435200.0
,1.0,,,,05-14-2024,220.25,600.0,132150.0
,2.0,,,,05-14-2024,8.9044,0.0,0.0
,3.0,,,,05-14-2024,4.0,1500.0,6000.0
,4.0,,,,05-14-2024,1.4007,0.0,0.0
,5.0,,,,05-14-2024,1.3207,0.0,0.0
,6.0,,,,05-14-2024,2599.95,2700.0,7019865.0
,7.0,,,,05-14-2024,621.3121,0.0,0.0
,8.0,,,,05-14-2024,360.0,400.0,144000.0
,9.0,,,,05-14-2024,130.05,0.0,0.0
,10.0,,,,05-14-2024,56.3,2400.0,135120.0
,11.0,,,,05-14-2024,710.0399,123500.0,87689930.0
,12.0,,,,05-14-2024,24.0,5300.0,127200.0
,13.0,,,,05-14-2024,125.1548,2600900.0,325515200.0
,14.0,,,,05-14-2024,192.0,1300.0,249600.0
,15.0,,,,05-14-2024,66.0,0.0,0.0
,16.0,,,,05-14-2024,174.0,1600.0,278400.0
,17.0,,,,05-14-2024,26.0,0.0,0.0
,18.0,,,,05-14-2024,5.02,300.0,1506.0
,19.0,,,,05-14-2024,350.0,23000.0,8050000.0
,20.0,,,,05-14-2024,13.8684,0.0,0.0
,21.0,,,,05-14-2024,154.0,0.0,0.0
,22.0,,,,05-14-2024,220.0,20000.0,4400000.0
,23.0,,,,05-14-2024,40.0,100.0,4000.0
,24.0,,,,05-14-2024,12.8064,0.0,0.0
,25.0,,,,05-14-2024,144.3,0.0,0.0
,26.0,,,,05-14-2024,49.0682,2200.0,107950.0
,27.0,,,,05-14-2024,44.9496,66100.0,2971170.0
,28.0,,,,05-14-2024,21.2453,10600.0,225200.0
,29.0,,,,05-14-2024,63.0,0.0,0.0
,30.0,,,,05-14-2024,140.0,32900.0,4606000.0
,31.0,,,,05-14-2024,0.99,20000.0,19800.0
,32.0,,,,05-14-2024,185.25,1200.0,222300.0
,33.0,,,,05-14-2024,106.25,0.0,0.0
,34.0,,,,05-14-2024,2.75,3000.0,8250.0
,35.0,,,,05-14-2024,26.0,0.0,0.0
,36.0,,,,05-14-2024,4.0,1500.0,6000.0
,37.0,,,,05-14-2024,187.0,0.0,0.0
,38.0,,,,05-14-2024,0.0018,0.0,0.0
,39.0,,,,05-14-2024,4.0,0.0,0.0
,40.0,,,,05-14-2024,38.0,38100.0,1447800.0
,1.0,,,,05-15-2024,220.25,600.0,132150.0
,2.0,,,,05-15-2024,8.9044,0.0,0.0
,3.0,,,,05-15-2024,4.0,1500.0,6000.0
,4.0,,,,05-15-2024,1.4007,0.0,0.0
,5.0,,,,05-15-2024,1.3207,0.0,0.0
,6.0,,,,05-15-2024,2599.95,2700.0,7019865.0
,7.0,,,,05-15-2024,621.3121,0.0,0.0
,8.0,,,,05-15-2024,360.0,400.0,144000.0
,9.0,,,,05-15-2024,130.05,0.0,0.0
,10.0,,,,05-15-2024,56.3,2400.0,135120.0
,11.0,,,,05-15-2024,710.0399,123500.0,87689930.0
,12.0,,,,05-15-2024,24.0,5300.0,127200.0
,13.0,,,,05-15-2024,125.1548,2600900.0,325515200.0
,14.0,,,,05-15-2024,192.0,1300.0,249600.0
,15.0,,,,05-15-2024,66.0,0.0,0.0
,16.0,,,,05-15-2024,174.0,1600.0,278400.0
,17.0,,,,05-15-2024,26.0,0.0,0.0
,18.0,,,,05-15-2024,5.02,300.0,1506.0
,19.0,,,,05-15-2024,350.0,23000.0,8050000.0
,20.0,,,,05-15-2024,13.8684,0.0,0.0
,21.0,,,,05-15-2024,154.0,0.0,0.0
,22.0,,,,05-15-2024,220.0,20000.0,4400000.0
,23.0,,,,05-15-2024,40.0,100.0,4000.0
,24.0,,,,05-15-2024,12.8064,0.0,0.0
,25.0,,,,05-15-2024,144.3,0.0,0.0
,26.0,,,,05-15-2024,49.0682,2200.0,107950.0
,27.0,,,,05-15-2024,44.9496,66100.0,2971170.0
,28.0,,,,05-15-2024,21.2453,10600.0,225200.0
,29.0,,,,05-15-2024,63.0,0.0,0.0
,30.0,,,,05-15-2024,140.0,32900.0,4606000.0
,31.0,,,,05-15-2024,0.99,20000.0,19800.0
,32.0,,,,05-15-2024,185.25,1200.0,222300.0
,33.0,,,,05-15-2024,106.25,0.0,0.0
,34.0,,,,05-15-2024,2.75,3000.0,8250.0
,35.0,,,,05-15-2024,26.0,0.0,0.0
,36.0,,,,05-15-2024,4.0,1500.0,6000.0
,37.0,,,,05-15-2024,187.0,0.0,0.0
,38.0,,,,05-15-2024,0.0018,0.0,0.0
,39.0,,,,05-15-2024,4.0,0.0,0.0
,40.0,,,,05-15-2024,38.0,38100.0,1447800.0
,1.0,,,,05-17-2024,220.25,0.0,0.0
,2.0,,,,05-17-2024,8.9,7000000.0,62300000.0
,3.0,,,,05-17-2024,3.9993,0.0,0.0
,4.0,,,,05-17-2024,1.4007,0.0,0.0
,5.0,,,,05-17-2024,1.3207,0.0,0.0
,6.0,,,,05-17-2024,2599.95,0.0,0.0
,7.0,,,,05-17-2024,621.3121,0.0,0.0
,8.0,,,,05-17-2024,370.0,400.0,148000.0
,9.0,,,,05-17-2024,130.05,0.0,0.0
,10.0,,,,05-17-2024,56.3,0.0,0.0
,11.0,,,,05-17-2024,694.6315,78300.0,54389650.0
,12.0,,,,05-17-2024,23.5,40700.0,956450.0
,13.0,,,,05-17-2024,125.0112,5082400.0,635000000.0
,14.0,,,,05-17-2024,192.0,20500.0,3936000.0
,15.0,,,,05-17-2024,58.0,0.0,0.0
,16.0,,,,05-17-2024,190.5,0.0,0.0
,17.0,,,,05-17-2024,24.0,0.0,0.0
,18.0,,,,05-17-2024,5.01,5900.0,29559.0
,19.0,,,,05-17-2024,354.0,0.0,0.0
,20.0,,,,05-17-2024,13.0341,28700.0,374080.0
,21.0,,,,05-17-2024,154.0,63800.0,9825200.0
,22.0,,,,05-17-2024,230.0,500.0,115000.0
,23.0,,,,05-17-2024,40.0056,900.0,36005.0
,24.0,,,,05-17-2024,12.8064,0.0,0.0
,25.0,,,,05-17-2024,144.3,0.0,0.0
,26.0,,,,05-17-2024,50.0,12800.0,640000.0
,27.0,,,,05-17-2024,40.65,3700.0,150405.0
,28.0,,,,05-17-2024,21.25,100.0,2125.0
,29.0,,,,05-17-2024,63.0,0.0,0.0
,30.0,,,,05-17-2024,153.2496,0.0,0.0
,31.0,,,,05-17-2024,0.83,152000.0,126160.0
,32.0,,,,05-17-2024,185.25,0.0,0.0
,33.0,,,,05-17-2024,106.25,0.0,0.0
,34.0,,,,05-17-2024,2.75,300.0,825.0
,35.0,,,,05-17-2024,26.0,0.0,0.0
,36.0,,,,05-17-2024,2.6364,1100.0,2900.0
,37.0,,,,05-17-2024,187.0,109500.0,20476500.0
,38.0,,,,05-17-2024,0.0018,0.0,0.0
,39.0,,,,05-17-2024,4.0,0.0,0.0
,40.0,,,,05-17-2024,37.4187,150000.0,5612800.0
,1.0,,,,08-17-2024,700.0,300.0,210000.0
,2.0,,,,08-17-2024,19.5,1000.0,19500.0
,3.0,,,,08-17-2024,4.4706,1700.0,7600.0
,4.0,,,,08-17-2024,1.53,0.0,0.0
,5.0,,,,08-17-2024,2.64,0.0,0.0
,6.0,,,,08-17-2024,4500.0,0.0,0.0
,7.0,,,,08-17-2024,1500.0,0.0,0.0
,8.0,,,,08-17-2024,1507.562,0.0,0.0
,9.0,,,,08-17-2024,212.9,0.0,0.0
,10.0,,,,08-17-2024,296.2736,0.0,0.0
,11.0,,,,08-17-2024,1396.331,18900.0,26390650.0
,12.0,,,,08-17-2024,44.0447,9400.0,414020.0
,13.0,,,,08-17-2024,350.2186,0.0,0.0
,14.0,,,,08-17-2024,402.0,200.0,80400.0
,15.0,,,,08-17-2024,120.25,200.0,24050.0
,16.0,,,,08-17-2024,210.0,500.0,105000.0
,17.0,,,,08-17-2024,38.2565,0.0,0.0
,18.0,,,,08-17-2024,5.9248,41900.0,248248.0
,19.0,,,,08-17-2024,800.0,1300.0,1040000.0
,20.0,,,,08-17-2024,50.8905,159800.0,8132300.0
,21.0,,,,08-17-2024,255.0,300.0,76500.0
,22.0,,,,08-17-2024,591.0121,6600.0,3900680.0
,23.0,,,,08-17-2024,99.3589,0.0,0.0
,24.0,,,,08-17-2024,25.0,0.0,0.0
,25.0,,,,08-17-2024,350.0,0.0,0.0
,26.0,,,,08-17-2024,100.0,200.0,20000.0
,27.0,,,,08-17-2024,295.0,2800.0,826000.0
,28.0,,,,08-17-2024,34.05,3500.0,119175.0
,29.0,,,,08-17-2024,139.9608,0.0,0.0
,30.0,,,,08-17-2024,450.2691,27500.0,12382400.0
,31.0,,,,08-17-2024,1.0,10400.0,10400.0
,32.0,,,,08-17-2024,380.0,0.0,0.0
,33.0,,,,08-17-2024,300.0,100.0,30000.0
,34.0,,,,08-17-2024,7.02,4000.0,28080.0
,35.0,,,,08-17-2024,245.6,400.0,98240.0
,36.0,,,,08-17-2024,3.6,0.0,0.0
,37.0,,,,08-17-2024,867.3,0.0,0.0
,38.0,,,,08-17-2024,0.0018,0.0,0.0
,39.0,,,,08-17-2024,5.02,0.0,0.0
,40.0,,,,08-17-2024,28.0,700.0,19600.0
,1.0,,,,08-18-2024,700.0,300.0,210000.0
,2.0,,,,08-18-2024,19.5,1000.0,19500.0
,3.0,,,,08-18-2024,4.4706,1700.0,7600.0
,4.0,,,,08-18-2024,1.53,0.0,0.0
,5.0,,,,08-18-2024,2.64,0.0,0.0
,6.0,,,,08-18-2024,4500.0,0.0,0.0
,7.0,,,,08-18-2024,1500.0,0.0,0.0
,8.0,,,,08-18-2024,1507.562,0.0,0.0
,9.0,,,,08-18-2024,212.9,0.0,0.0
,10.0,,,,08-18-2024,296.2736,0.0,0.0
,11.0,,,,08-18-2024,1396.331,18900.0,26390650.0
,12.0,,,,08-18-2024,44.0447,9400.0,414020.0
,13.0,,,,08-18-2024,350.2186,0.0,0.0
,14.0,,,,08-18-2024,402.0,200.0,80400.0
,15.0,,,,08-18-2024,120.25,200.0,24050.0
,16.0,,,,08-18-2024,210.0,500.0,105000.0
,17.0,,,,08-18-2024,38.2565,0.0,0.0
,18.0,,,,08-18-2024,5.9248,41900.0,248248.0
,19.0,,,,08-18-2024,800.0,1300.0,1040000.0
,20.0,,,,08-18-2024,50.8905,159800.0,8132300.0
,21.0,,,,08-18-2024,255.0,300.0,76500.0
,22.0,,,,08-18-2024,591.0121,6600.0,3900680.0
,23.0,,,,08-18-2024,99.3589,0.0,0.0
,24.0,,,,08-18-2024,25.0,0.0,0.0
,25.0,,,,08-18-2024,350.0,0.0,0.0
,26.0,,,,08-18-2024,100.0,200.0,20000.0
,27.0,,,,08-18-2024,295.0,2800.0,826000.0
,28.0,,,,08-18-2024,34.05,3500.0,119175.0
,29.0,,,,08-18-2024,139.9608,0.0,0.0
,30.0,,,,08-18-2024,450.2691,27500.0,12382400.0
,31.0,,,,08-18-2024,1.0,10400.0,10400.0
,32.0,,,,08-18-2024,380.0,0.0,0.0
,33.0,,,,08-18-2024,300.0,100.0,30000.0
,34.0,,,,08-18-2024,7.02,4000.0,28080.0
,35.0,,,,08-18-2024,245.6,400.0,98240.0
,36.0,,,,08-18-2024,3.6,0.0,0.0
,37.0,,,,08-18-2024,867.3,0.0,0.0
,38.0,,,,08-18-2024,0.0018,0.0,0.0
,39.0,,,,08-18-2024,5.02,0.0,0.0
,40.0,,,,08-18-2024,28.0,700.0,19600.0
,1.0,,,,08-19-2024,700.0,300.0,210000.0
,2.0,,,,08-19-2024,19.5,1000.0,19500.0
,3.0,,,,08-19-2024,4.4706,1700.0,7600.0
,4.0,,,,08-19-2024,1.53,0.0,0.0
,5.0,,,,08-19-2024,2.64,0.0,0.0
,6.0,,,,08-19-2024,4500.0,0.0,0.0
,7.0,,,,08-19-2024,1500.0,0.0,0.0
,8.0,,,,08-19-2024,1507.562,0.0,0.0
,9.0,,,,08-19-2024,212.9,0.0,0.0
,10.0,,,,08-19-2024,296.2736,0.0,0.0
,11.0,,,,08-19-2024,1396.331,18900.0,26390650.0
,12.0,,,,08-19-2024,44.0447,9400.0,414020.0
,13.0,,,,08-19-2024,350.2186,0.0,0.0
,14.0,,,,08-19-2024,402.0,200.0,80400.0
,15.0,,,,08-19-2024,120.25,200.0,24050.0
,16.0,,,,08-19-2024,210.0,500.0,105000.0
,17.0,,,,08-19-2024,38.2565,0.0,0.0
,18.0,,,,08-19-2024,5.9248,41900.0,248248.0
,19.0,,,,08-19-2024,800.0,1300.0,1040000.0
,20.0,,,,08-19-2024,50.8905,159800.0,8132300.0
,21.0,,,,08-19-2024,255.0,300.0,76500.0
,22.0,,,,08-19-2024,591.0121,6600.0,3900680.0
,23.0,,,,08-19-2024,99.3589,0.0,0.0
,24.0,,,,08-19-2024,25.0,0.0,0.0
,25.0,,,,08-19-2024,350.0,0.0,0.0
,26.0,,,,08-19-2024,100.0,200.0,20000.0
,27.0,,,,08-19-2024,295.0,2800.0,826000.0
,28.0,,,,08-19-2024,34.05,3500.0,119175.0
,29.0,,,,08-19-2024,139.9608,0.0,0.0
,30.0,,,,08-19-2024,450.2691,27500.0,12382400.0
,31.0,,,,08-19-2024,1.0,10400.0,10400.0
,32.0,,,,08-19-2024,380.0,0.0,0.0
,33.0,,,,08-19-2024,300.0,100.0,30000.0
,34.0,,,,08-19-2024,7.02,4000.0,28080.0
,35.0,,,,08-19-2024,245.6,400.0,98240.0
,36.0,,,,08-19-2024,3.6,0.0,0.0
,37.0,,,,08-19-2024,867.3,0.0,0.0
,38.0,,,,08-19-2024,0.0018,0.0,0.0
,39.0,,,,08-19-2024,5.02,0.0,0.0
,40.0,,,,08-19-2024,28.0,700.0,19600.0
,1.0,,,,08-24-2024,718.75,800.0,575000.0
,2.0,,,,08-24-2024,19.5,0.0,0.0
,3.0,,,,08-24-2024,4.5,16400.0,73800.0
,4.0,,,,08-24-2024,1.5,0.0,0.0
,5.0,,,,08-24-2024,2.64,0.0,0.0
,6.0,,,,08-24-2024,4000.0,10100.0,40400000.0
,7.0,,,,08-24-2024,1500.0,0.0,0.0
,8.0,,,,08-24-2024,1398.721,2600.0,3636675.0
,9.0,,,,08-24-2024,212.9,0.0,0.0
,10.0,,,,08-24-2024,294.95,0.0,0.0
,11.0,,,,08-24-2024,1394.997,594300.0,829000000.0
,12.0,,,,08-24-2024,44.0099,24300.0,1069440.0
,13.0,,,,08-24-2024,354.8101,191000.0,67768740.0
,14.0,,,,08-24-2024,497.3667,3000.0,1492100.0
,15.0,,,,08-24-2024,120.25,0.0,0.0
,16.0,,,,08-24-2024,200.0,2100.0,420000.0
,17.0,,,,08-24-2024,41.5323,0.0,0.0
,18.0,,,,08-24-2024,5.5,5000.0,27500.0
,19.0,,,,08-24-2024,899.9641,0.0,0.0
,20.0,,,,08-24-2024,59.05,0.0,0.0
,21.0,,,,08-24-2024,239.94,189900.0,45564610.0
,22.0,,,,08-24-2024,600.0,2200.0,1320000.0
,23.0,,,,08-24-2024,77.0,171800.0,13228600.0
,24.0,,,,08-24-2024,25.0,0.0,0.0
,25.0,,,,08-24-2024,350.0,500.0,175000.0
,26.0,,,,08-24-2024,97.0,3000.0,291000.0
,27.0,,,,08-24-2024,280.0,200.0,56000.0
,28.0,,,,08-24-2024,39.0,800.0,31200.0
,29.0,,,,08-24-2024,139.9608,0.0,0.0
,30.0,,,,08-24-2024,400.0122,245900.0,98363000.0
,31.0,,,,08-24-2024,0.99,6400.0,6336.0
,32.0,,,,08-24-2024,378.0,0.0,0.0
,33.0,,,,08-24-2024,300.0,0.0,0.0
,34.0,,,,08-24-2024,7.0,0.0,0.0
,35.0,,,,08-24-2024,285.0,500.0,142500.0
,36.0,,,,08-24-2024,4.0,58700.0,234800.0
,37.0,,,,08-24-2024,748.925,0.0,0.0
,38.0,,,,08-24-2024,0.0018,0.0,0.0
,39.0,,,,08-24-2024,10.05,0.0,0.0
,40.0,,,,08-24-2024,28.0,15100.0,422800.0
,1.0,,,,08-25-2024,718.75,800.0,575000.0
,2.0,,,,08-25-2024,19.5,0.0,0.0
,3.0,,,,08-25-2024,4.5,16400.0,73800.0
,4.0,,,,08-25-2024,1.5,0.0,0.0
,5.0,,,,08-25-2024,2.64,0.0,0.0
,6.0,,,,08-25-2024,4000.0,10100.0,40400000.0
,7.0,,,,08-25-2024,1500.0,0.0,0.0
,8.0,,,,08-25-2024,1398.721,2600.0,3636675.0
,9.0,,,,08-25-2024,212.9,0.0,0.0
,10.0,,,,08-25-2024,294.95,0.0,0.0
,11.0,,,,08-25-2024,1394.997,594300.0,829000000.0
,12.0,,,,08-25-2024,44.0099,24300.0,1069440.0
,13.0,,,,08-25-2024,354.8101,191000.0,67768740.0
,14.0,,,,08-25-2024,497.3667,3000.0,1492100.0
,15.0,,,,08-25-2024,120.25,0.0,0.0
,16.0,,,,08-25-2024,200.0,2100.0,420000.0
,17.0,,,,08-25-2024,41.5323,0.0,0.0
,18.0,,,,08-25-2024,5.5,5000.0,27500.0
,19.0,,,,08-25-2024,899.9641,0.0,0.0
,20.0,,,,08-25-2024,59.05,0.0,0.0
,21.0,,,,08-25-2024,239.94,189900.0,45564610.0
,22.0,,,,08-25-2024,600.0,2200.0,1320000.0
,23.0,,,,08-25-2024,77.0,171800.0,13228600.0
,24.0,,,,08-25-2024,25.0,0.0,0.0
,25.0,,,,08-25-2024,350.0,500.0,175000.0
,26.0,,,,08-25-2024,97.0,3000.0,291000.0
,27.0,,,,08-25-2024,280.0,200.0,56000.0
,28.0,,,,08-25-2024,39.0,800.0,31200.0
,29.0,,,,08-25-2024,139.9608,0.0,0.0
,30.0,,,,08-25-2024,400.0122,245900.0,98363000.0
,31.0,,,,08-25-2024,0.99,6400.0,6336.0
,32.0,,,,08-25-2024,378.0,0.0,0.0
,33.0,,,,08-25-2024,300.0,0.0,0.0
,34.0,,,,08-25-2024,7.0,0.0,0.0
,35.0,,,,08-25-2024,285.0,500.0,142500.0
,36.0,,,,08-25-2024,4.0,58700.0,234800.0
,37.0,,,,08-25-2024,748.925,0.0,0.0
,38.0,,,,08-25-2024,0.0018,0.0,0.0
,39.0,,,,08-25-2024,10.05,0.0,0.0
,40.0,,,,08-25-2024,28.0,15100.0,422800.0
,1.0,,,,08-26-2024,718.75,800.0,575000.0
,2.0,,,,08-26-2024,19.5,0.0,0.0
,3.0,,,,08-26-2024,4.5,16400.0,73800.0
,4.0,,,,08-26-2024,1.5,0.0,0.0
,5.0,,,,08-26-2024,2.64,0.0,0.0
,6.0,,,,08-26-2024,4000.0,10100.0,40400000.0
,7.0,,,,08-26-2024,1500.0,0.0,0.0
,8.0,,,,08-26-2024,1398.721,2600.0,3636675.0
,9.0,,,,08-26-2024,212.9,0.0,0.0
,10.0,,,,08-26-2024,294.95,0.0,0.0
,11.0,,,,08-26-2024,1394.997,594300.0,829000000.0
,12.0,,,,08-26-2024,44.0099,24300.0,1069440.0
,13.0,,,,08-26-2024,354.8101,191000.0,67768740.0
,14.0,,,,08-26-2024,497.3667,3000.0,1492100.0
,15.0,,,,08-26-2024,120.25,0.0,0.0
,16.0,,,,08-26-2024,200.0,2100.0,420000.0
,17.0,,,,08-26-2024,41.5323,0.0,0.0
,18.0,,,,08-26-2024,5.5,5000.0,27500.0
,19.0,,,,08-26-2024,899.9641,0.0,0.0
,20.0,,,,08-26-2024,59.05,0.0,0.0
,21.0,,,,08-26-2024,239.94,189900.0,45564610.0
,22.0,,,,08-26-2024,600.0,2200.0,1320000.0
,23.0,,,,08-26-2024,77.0,171800.0,13228600.0
,24.0,,,,08-26-2024,25.0,0.0,0.0
,25.0,,,,08-26-2024,350.0,500.0,175000.0
,26.0,,,,08-26-2024,97.0,3000.0,291000.0
,27.0,,,,08-26-2024,280.0,200.0,56000.0
,28.0,,,,08-26-2024,39.0,800.0,31200.0
,29.0,,,,08-26-2024,139.9608,0.0,0.0
,30.0,,,,08-26-2024,400.0122,245900.0,98363000.0
,31.0,,,,08-26-2024,0.99,6400.0,6336.0
,32.0,,,,08-26-2024,378.0,0.0,0.0
,33.0,,,,08-26-2024,300.0,0.0,0.0
,34.0,,,,08-26-2024,7.0,0.0,0.0
,35.0,,,,08-26-2024,285.0,500.0,142500.0
,36.0,,,,08-26-2024,4.0,58700.0,234800.0
,37.0,,,,08-26-2024,748.925,0.0,0.0
,38.0,,,,08-26-2024,0.0018,0.0,0.0
,39.0,,,,08-26-2024,10.05,0.0,0.0
,40.0,,,,08-26-2024,28.0,15100.0,422800.0
,1.0,,,,09-10-2024,700.0,800.0,560000.0
,2.0,,,,09-10-2024,30.05,2400.0,72120.0
,3.0,,,,09-10-2024,4.0,100100.0,400400.0
,4.0,,,,09-10-2024,1.5,0.0,0.0
,5.0,,,,09-10-2024,2.64,0.0,0.0
,6.0,,,,09-10-2024,4300.0,0.0,0.0
,7.0,,,,09-10-2024,1500.0,0.0,0.0
,8.0,,,,09-10-2024,1000.687,2300.0,2301580.0
,9.0,,,,09-10-2024,212.9,0.0,0.0
,10.0,,,,09-10-2024,270.1136,0.0,0.0
,11.0,,,,09-10-2024,1414.09,31300.0,44261000.0
,12.0,,,,09-10-2024,76.7488,1105000.0,84807430.0
,13.0,,,,09-10-2024,371.8388,45400.0,16881480.0
,14.0,,,,09-10-2024,655.5,100.0,65550.0
,15.0,,,,09-10-2024,120.25,0.0,0.0
,16.0,,,,09-10-2024,193.0,100.0,19300.0
,17.0,,,,09-10-2024,35.0,400.0,14000.0
,18.0,,,,09-10-2024,6.0,0.0,0.0
,19.0,,,,09-10-2024,747.35,0.0,0.0
,20.0,,,,09-10-2024,60.25,0.0,0.0
,21.0,,,,09-10-2024,230.0,0.0,0.0
,22.0,,,,09-10-2024,600.0,0.0,0.0
,23.0,,,,09-10-2024,120.5,0.0,0.0
,24.0,,,,09-10-2024,50.0,0.0,0.0
,25.0,,,,09-10-2024,195.3,9346100.0,1830000000.0
,26.0,,,,09-10-2024,85.25,300.0,25575.0
,27.0,,,,09-10-2024,197.85,3800.0,751830.0
,28.0,,,,09-10-2024,46.0095,23700.0,1090425.0
,29.0,,,,09-10-2024,139.9608,0.0,0.0
,30.0,,,,09-10-2024,350.1389,3600.0,1260500.0
,31.0,,,,09-10-2024,1.1,0.0,0.0
,32.0,,,,09-10-2024,360.9091,0.0,0.0
,33.0,,,,09-10-2024,280.0,0.0,0.0
,34.0,,,,09-10-2024,6.99,0.0,0.0
,35.0,,,,09-10-2024,285.0,2200.0,627000.0
,36.0,,,,09-10-2024,3.8015,201800.0,767140.0
,37.0,,,,09-10-2024,633.3571,1400.0,886700.0
,38.0,,,,09-10-2024,0.0018,0.0,0.0
,39.0,,,,09-10-2024,4.6,0.0,0.0
,40.0,,,,09-10-2024,28.0194,28600.0,801355.0
,1.0,,,,10-27-2024,808,0,0
,2.0,,,,10-27-2024,57.0714,700,39950
,3.0,,,,10-27-2024,8.1705,7400,60462
,4.0,,,,10-27-2024,1.5,0,0
,5.0,,,,10-27-2024,2.64,0,0
,6.0,,,,10-27-2024,8030,500,4015000
,7.0,,,,10-27-2024,1560,0,0
,8.0,,,,10-27-2024,1700,400,680000
,9.0,,,,10-27-2024,281.5,0,0
,10.0,,,,10-27-2024,230,0,0
,11.0,,,,10-27-2024,2150.278,572800,1231679000
,12.0,,,,10-27-2024,43.0676,3400,146430
,13.0,,,,10-27-2024,481.2919,2240200,1078190000
,14.0,,,,10-27-2024,1124.5902,0,0
,15.0,,,,10-27-2024,120.25,0,0
,16.0,,,,10-27-2024,430.5,0,0
,17.0,,,,10-27-2024,79.5,100,7950
,18.0,,,,10-27-2024,6.26,0,0
,19.0,,,,10-27-2024,875,300,262500
,20.0,,,,10-27-2024,150,3000,450000
,21.0,,,,10-27-2024,265.5,0,0
,22.0,,,,10-27-2024,450,600,270000
,23.0,,,,10-27-2024,130,300,39000
,24.0,,,,10-27-2024,50,0,0
,25.0,,,,10-27-2024,325.55,0,0
,26.0,,,,10-27-2024,85.0012,20600,1751025
,27.0,,,,10-27-2024,175,100,17500
,28.0,,,,10-27-2024,65,0,0
,29.0,,,,10-27-2024,139,0,0
,30.0,,,,10-27-2024,525,1300,682500
,31.0,,,,10-27-2024,2.1716,110800,240613
,32.0,,,,10-27-2024,204.7946,664400,136065600
,33.0,,,,10-27-2024,280,0,0
,34.0,,,,10-27-2024,6.5,0,0
,35.0,,,,10-27-2024,249.95,2500,624875
,36.0,,,,10-27-2024,5.44,7100,38624
,37.0,,,,10-27-2024,850,0,0
,38.0,,,,10-27-2024,0.0018,0,0
,39.0,,,,10-27-2024,6,0,0
,40.0,,,,10-27-2024,42.8889,1800,77200Â Company NameOpeningPriceClosingPriceTotalTradedVolumeTotalTradedValue EQUITIES 1Afdis Distillers Limited80880800 2Amalgamated Regional Trading (Art) Holdings Limited6157.071470039950 3Ariston Holdings Limited9.028.1705740060462 4Bridgefort Capital Limited1.51.500 5Bridgefort Capital Limited Class B2.642.6400 6British American Tobacco Zimbabwe Limited700080305004015000 7Cafca Limited1560156000 8Cbz Holdings Limited17001700400680000 9Cfi Holdings Limited281.5281.500 10Dairibord Holdings Limited23023000 11Delta Corporation Limited2013.96082150.2785728001231679000 12Ecocash Holdings Zimbabwe Limited43.143.06763400146430 13Econet Wireless Zimbabwe Limited503.3333481.291922402001078190000 14Fbc Holdings Limited1124.59021124.590200 15Fidelity Life Assurance Limited120.25120.2500 16First Mutual Holdings Limited430.5430.500 17First Mutual Properties Limited79.974679.51007950 18General Beltings Holdings Limited6.266.2600 19Hippo Valley Estates Limited800875300262500 20Mashonaland Holdings Limited150.00451503000450000 21Masimba Holdings Limited265.5265.500 22Meikles Limited444450600270000 23Nampak Zimbabwe Limited12513030039000 24National Tyre Services Limited505000 25Nmbz Holdings Limited325.55325.5500 26Ok Zimbabwe Limited8485.0012206001751025 27Proplastics Limited17517510017500 28Rainbow Tourism Group Limited656500 29Riozim Limited13913900 30Seed Co Limited526.85251300682500 31Starafricacorporation Limited2.12.1716110800240613 32Tanganda Tea Company Limited200.2402204.7946664400136065600 33Tsl Limited28028000 34Turnall Holdings Limited6.56.500 35Unifreight Africa Limited250249.95250062487536Willdale Limited5.445.44710038624 37Zb Financial Holdings Limited85085000 38Zeco Holdings Limited0.00180.001800 39Zimbabwe Newspapers (1980) Limited6600 40Zimre Holdings Limited42.842.8889180077200
,,,,,10-27-2024,ClosingPrice,TotalTradedVolume,TotalTradedValue
,1.0,,,,10-28-2024,808,0,0
,2.0,,,,10-28-2024,57.0714,700,39950
,3.0,,,,10-28-2024,8.1705,7400,60462
,4.0,,,,10-28-2024,1.5,0,0
,5.0,,,,10-28-2024,2.64,0,0
,6.0,,,,10-28-2024,8030,500,4015000
,7.0,,,,10-28-2024,1560,0,0
,8.0,,,,10-28-2024,1700,400,680000
,9.0,,,,10-28-2024,281.5,0,0
,10.0,,,,10-28-2024,230,0,0
,11.0,,,,10-28-2024,2150.278,572800,1231679000
,12.0,,,,10-28-2024,43.0676,3400,146430
,13.0,,,,10-28-2024,481.2919,2240200,1078190000
,14.0,,,,10-28-2024,1124.5902,0,0
,15.0,,,,10-28-2024,120.25,0,0
,16.0,,,,10-28-2024,430.5,0,0
,17.0,,,,10-28-2024,79.5,100,7950
,18.0,,,,10-28-2024,6.26,0,0
,19.0,,,,10-28-2024,875,300,262500
,20.0,,,,10-28-2024,150,3000,450000
,21.0,,,,10-28-2024,265.5,0,0
,22.0,,,,10-28-2024,450,600,270000
,23.0,,,,10-28-2024,130,300,39000
,24.0,,,,10-28-2024,50,0,0
,25.0,,,,10-28-2024,325.55,0,0
,26.0,,,,10-28-2024,85.0012,20600,1751025
,27.0,,,,10-28-2024,175,100,17500
,28.0,,,,10-28-2024,65,0,0
,29.0,,,,10-28-2024,139,0,0
,30.0,,,,10-28-2024,525,1300,682500
,31.0,,,,10-28-2024,2.1716,110800,240613
,32.0,,,,10-28-2024,204.7946,664400,136065600
,33.0,,,,10-28-2024,280,0,0
,34.0,,,,10-28-2024,6.5,0,0
,35.0,,,,10-28-2024,249.95,2500,624875
,36.0,,,,10-28-2024,5.44,7100,38624
,37.0,,,,10-28-2024,850,0,0
,38.0,,,,10-28-2024,0.0018,0,0
,39.0,,,,10-28-2024,6,0,0
,40.0,,,,10-28-2024,42.8889,1800,77200Â Company NameOpeningPriceClosingPriceTotalTradedVolumeTotalTradedValue EQUITIES 1Afdis Distillers Limited80880800 2Amalgamated Regional Trading (Art) Holdings Limited6157.071470039950 3Ariston Holdings Limited9.028.1705740060462 4Bridgefort Capital Limited1.51.500 5Bridgefort Capital Limited Class B2.642.6400 6British American Tobacco Zimbabwe Limited700080305004015000 7Cafca Limited1560156000 8Cbz Holdings Limited17001700400680000 9Cfi Holdings Limited281.5281.500 10Dairibord Holdings Limited23023000 11Delta Corporation Limited2013.96082150.2785728001231679000 12Ecocash Holdings Zimbabwe Limited43.143.06763400146430 13Econet Wireless Zimbabwe Limited503.3333481.291922402001078190000 14Fbc Holdings Limited1124.59021124.590200 15Fidelity Life Assurance Limited120.25120.2500 16First Mutual Holdings Limited430.5430.500 17First Mutual Properties Limited79.974679.51007950 18General Beltings Holdings Limited6.266.2600 19Hippo Valley Estates Limited800875300262500 20Mashonaland Holdings Limited150.00451503000450000 21Masimba Holdings Limited265.5265.500 22Meikles Limited444450600270000 23Nampak Zimbabwe Limited12513030039000 24National Tyre Services Limited505000 25Nmbz Holdings Limited325.55325.5500 26Ok Zimbabwe Limited8485.0012206001751025 27Proplastics Limited17517510017500 28Rainbow Tourism Group Limited656500 29Riozim Limited13913900 30Seed Co Limited526.85251300682500 31Starafricacorporation Limited2.12.1716110800240613 32Tanganda Tea Company Limited200.2402204.7946664400136065600 33Tsl Limited28028000 34Turnall Holdings Limited6.56.500 35Unifreight Africa Limited250249.95250062487536Willdale Limited5.445.44710038624 37Zb Financial Holdings Limited85085000 38Zeco Holdings Limited0.00180.001800 39Zimbabwe Newspapers (1980) Limited6600 40Zimre Holdings Limited42.842.8889180077200
,,,,,10-28-2024,ClosingPrice,TotalTradedVolume,TotalTradedValue
,1.0,,,,12-28-2024,691.0,0.0,0.0
,2.0,,,,12-28-2024,32.65,0.0,0.0
,3.0,,,,12-28-2024,6.4444,4500.0,29000.0
,4.0,,,,12-28-2024,8036.0,0.0,0.0
,5.0,,,,12-28-2024,2050.0,0.0,0.0
,6.0,,,,12-28-2024,1000.0,100.0,100000.0
,7.0,,,,12-28-2024,418.0,0.0,0.0
,8.0,,,,12-28-2024,195.25,0.0,0.0
,9.0,,,,12-28-2024,1418.285,135100.0,192000000.0
,10.0,,,,12-28-2024,29.4269,9300.0,273670.0
,11.0,,,,12-28-2024,341.345,30200.0,10308620.0
,12.0,,,,12-28-2024,850.0,2400.0,2040000.0
,13.0,,,,12-28-2024,62.05,0.0,0.0
,14.0,,,,12-28-2024,443.5235,0.0,0.0
,15.0,,,,12-28-2024,123.1,0.0,0.0
,16.0,,,,12-28-2024,6.6,6700.0,44220.0
,17.0,,,,12-28-2024,781.0,100.0,78100.0
,18.0,,,,12-28-2024,210.0,0.0,0.0
,19.0,,,,12-28-2024,300.0,0.0,0.0
,20.0,,,,12-28-2024,130.0,0.0,0.0
,21.0,,,,12-28-2024,66.526,0.0,0.0
,22.0,,,,12-28-2024,330.0,65000.0,21450000.0
,23.0,,,,12-28-2024,53.0,3300.0,174900.0
,24.0,,,,12-28-2024,174.25,0.0,0.0
,25.0,,,,12-28-2024,60.25,0.0,0.0
,26.0,,,,12-28-2024,130.0,0.0,0.0
,27.0,,,,12-28-2024,270.0273,0.0,0.0
,28.0,,,,12-28-2024,2.2,54700.0,120340.0
,29.0,,,,12-28-2024,250.6,5000.0,1253000.0
,30.0,,,,12-28-2024,220.0,0.0,0.0
,31.0,,,,12-28-2024,6.0,163600.0,981600.0
,32.0,,,,12-28-2024,249.0,0.0,0.0
,33.0,,,,12-28-2024,3.51,143900.0,505089.0
,34.0,,,,12-28-2024,650.0,600.0,390000.0
,35.0,,,,12-28-2024,0.0018,0.0,0.0
,36.0,,,,12-28-2024,6.0,0.0,0.0
,37.0,,,,12-28-2024,18.7,9700.0,181390.0
,1.0,,,,12-29-2024,691.0,0.0,0.0
,2.0,,,,12-29-2024,32.65,0.0,0.0
,3.0,,,,12-29-2024,6.4444,4500.0,29000.0
,4.0,,,,12-29-2024,8036.0,0.0,0.0
,5.0,,,,12-29-2024,2050.0,0.0,0.0
,6.0,,,,12-29-2024,1000.0,100.0,100000.0
,7.0,,,,12-29-2024,418.0,0.0,0.0
,8.0,,,,12-29-2024,195.25,0.0,0.0
,9.0,,,,12-29-2024,1418.285,135100.0,192000000.0
,10.0,,,,12-29-2024,29.4269,9300.0,273670.0
,11.0,,,,12-29-2024,341.345,30200.0,10308620.0
,12.0,,,,12-29-2024,850.0,2400.0,2040000.0
,13.0,,,,12-29-2024,62.05,0.0,0.0
,14.0,,,,12-29-2024,443.5235,0.0,0.0
,15.0,,,,12-29-2024,123.1,0.0,0.0
,16.0,,,,12-29-2024,6.6,6700.0,44220.0
,17.0,,,,12-29-2024,781.0,100.0,78100.0
,18.0,,,,12-29-2024,210.0,0.0,0.0
,19.0,,,,12-29-2024,300.0,0.0,0.0
,20.0,,,,12-29-2024,130.0,0.0,0.0
,21.0,,,,12-29-2024,66.526,0.0,0.0
,22.0,,,,12-29-2024,330.0,65000.0,21450000.0
,23.0,,,,12-29-2024,53.0,3300.0,174900.0
,24.0,,,,12-29-2024,174.25,0.0,0.0
,25.0,,,,12-29-2024,60.25,0.0,0.0
,26.0,,,,12-29-2024,130.0,0.0,0.0
,27.0,,,,12-29-2024,270.0273,0.0,0.0
,28.0,,,,12-29-2024,2.2,54700.0,120340.0
,29.0,,,,12-29-2024,250.6,5000.0,1253000.0
,30.0,,,,12-29-2024,220.0,0.0,0.0
,31.0,,,,12-29-2024,6.0,163600.0,981600.0
,32.0,,,,12-29-2024,249.0,0.0,0.0
,33.0,,,,12-29-2024,3.51,143900.0,505089.0
,34.0,,,,12-29-2024,650.0,600.0,390000.0
,35.0,,,,12-29-2024,0.0018,0.0,0.0
,36.0,,,,12-29-2024,6.0,0.0,0.0
,37.0,,,,12-29-2024,18.7,9700.0,181390.0
,1.0,,,,12-30-2024,691.0,0.0,0.0
,2.0,,,,12-30-2024,32.65,0.0,0.0
,3.0,,,,12-30-2024,6.4444,4500.0,29000.0
,4.0,,,,12-30-2024,8036.0,0.0,0.0
,5.0,,,,12-30-2024,2050.0,0.0,0.0
,6.0,,,,12-30-2024,1000.0,100.0,100000.0
,7.0,,,,12-30-2024,418.0,0.0,0.0
,8.0,,,,12-30-2024,195.25,0.0,0.0
,9.0,,,,12-30-2024,1418.285,135100.0,192000000.0
,10.0,,,,12-30-2024,29.4269,9300.0,273670.0
,11.0,,,,12-30-2024,341.345,30200.0,10308620.0
,12.0,,,,12-30-2024,850.0,2400.0,2040000.0
,13.0,,,,12-30-2024,62.05,0.0,0.0
,14.0,,,,12-30-2024,443.5235,0.0,0.0
,15.0,,,,12-30-2024,123.1,0.0,0.0
,16.0,,,,12-30-2024,6.6,6700.0,44220.0
,17.0,,,,12-30-2024,781.0,100.0,78100.0
,18.0,,,,12-30-2024,210.0,0.0,0.0
,19.0,,,,12-30-2024,300.0,0.0,0.0
,20.0,,,,12-30-2024,130.0,0.0,0.0
,21.0,,,,12-30-2024,66.526,0.0,0.0
,22.0,,,,12-30-2024,330.0,65000.0,21450000.0
,23.0,,,,12-30-2024,53.0,3300.0,174900.0
,24.0,,,,12-30-2024,174.25,0.0,0.0
,25.0,,,,12-30-2024,60.25,0.0,0.0
,26.0,,,,12-30-2024,130.0,0.0,0.0
,27.0,,,,12-30-2024,270.0273,0.0,0.0
,28.0,,,,12-30-2024,2.2,54700.0,120340.0
,29.0,,,,12-30-2024,250.6,5000.0,1253000.0
,30.0,,,,12-30-2024,220.0,0.0,0.0
,31.0,,,,12-30-2024,6.0,163600.0,981600.0
,32.0,,,,12-30-2024,249.0,0.0,0.0
,33.0,,,,12-30-2024,3.51,143900.0,505089.0
,34.0,,,,12-30-2024,650.0,600.0,390000.0
,35.0,,,,12-30-2024,0.0018,0.0,0.0
,36.0,,,,12-30-2024,6.0,0.0,0.0
,37.0,,,,12-30-2024,18.7,9700.0,181390.0
